areaCode,areaName,areaType,date,cumDeaths28DaysByDeathDate,hospitalCases,newCasesBySpecimenDate
E92000001,England,nation,2021-12-16,,6405.0,
E92000001,England,nation,2021-12-15,127730.0,6358.0,18715.0
E92000001,England,nation,2021-12-14,127706.0,6434.0,65986.0
E92000001,England,nation,2021-12-13,127639.0,6395.0,66935.0
E92000001,England,nation,2021-12-12,127572.0,6223.0,42967.0
E92000001,England,nation,2021-12-11,127490.0,6095.0,39259.0
E92000001,England,nation,2021-12-10,127420.0,6088.0,42592.0
E92000001,England,nation,2021-12-09,127345.0,6130.0,46448.0
E92000001,England,nation,2021-12-08,127255.0,6053.0,47751.0
E92000001,England,nation,2021-12-07,127168.0,6027.0,46174.0
E92000001,England,nation,2021-12-06,127077.0,5992.0,49275.0
E92000001,England,nation,2021-12-05,126972.0,5903.0,33935.0
E92000001,England,nation,2021-12-04,126881.0,5784.0,32368.0
E92000001,England,nation,2021-12-03,126768.0,5851.0,38146.0
E92000001,England,nation,2021-12-02,126662.0,5915.0,41910.0
E92000001,England,nation,2021-12-01,126582.0,5829.0,45992.0
E92000001,England,nation,2021-11-30,126480.0,6123.0,46436.0
E92000001,England,nation,2021-11-29,126396.0,6094.0,46644.0
E92000001,England,nation,2021-11-28,126295.0,5890.0,33038.0
E92000001,England,nation,2021-11-27,126207.0,5852.0,27803.0
E92000001,England,nation,2021-11-26,126122.0,5992.0,32904.0
E92000001,England,nation,2021-11-25,126016.0,6068.0,36259.0
E92000001,England,nation,2021-11-24,125909.0,6062.0,38918.0
E92000001,England,nation,2021-11-23,125814.0,6257.0,40104.0
E92000001,England,nation,2021-11-22,125694.0,6424.0,41908.0
E92000001,England,nation,2021-11-21,125603.0,6322.0,31043.0
E92000001,England,nation,2021-11-20,125517.0,6191.0,29211.0
E92000001,England,nation,2021-11-19,125420.0,6310.0,32467.0
E92000001,England,nation,2021-11-18,125318.0,6336.0,36232.0
E92000001,England,nation,2021-11-17,125206.0,6412.0,37421.0
E92000001,England,nation,2021-11-16,125108.0,6623.0,37685.0
E92000001,England,nation,2021-11-15,124978.0,6864.0,41526.0
E92000001,England,nation,2021-11-14,124842.0,6707.0,28913.0
E92000001,England,nation,2021-11-13,124743.0,6639.0,26801.0
E92000001,England,nation,2021-11-12,124632.0,6777.0,30571.0
E92000001,England,nation,2021-11-11,124515.0,6861.0,32906.0
E92000001,England,nation,2021-11-10,124394.0,6961.0,34567.0
E92000001,England,nation,2021-11-09,124275.0,7053.0,33891.0
E92000001,England,nation,2021-11-08,124153.0,7075.0,35294.0
E92000001,England,nation,2021-11-07,124027.0,6910.0,24883.0
E92000001,England,nation,2021-11-06,123893.0,6874.0,22067.0
E92000001,England,nation,2021-11-05,123756.0,7072.0,23838.0
E92000001,England,nation,2021-11-04,123632.0,7201.0,26076.0
E92000001,England,nation,2021-11-03,123512.0,7291.0,28432.0
E92000001,England,nation,2021-11-02,123384.0,7510.0,30420.0
E92000001,England,nation,2021-11-01,123257.0,7535.0,36749.0
E92000001,England,nation,2021-10-31,123121.0,7311.0,28901.0
E92000001,England,nation,2021-10-30,122969.0,7155.0,27683.0
E92000001,England,nation,2021-10-29,122838.0,7113.0,33264.0
E92000001,England,nation,2021-10-28,122708.0,7019.0,34356.0
E92000001,England,nation,2021-10-27,122555.0,6951.0,35768.0
E92000001,England,nation,2021-10-26,122425.0,6883.0,34548.0
E92000001,England,nation,2021-10-25,122296.0,6801.0,39131.0
E92000001,England,nation,2021-10-24,122183.0,6515.0,29490.0
E92000001,England,nation,2021-10-23,122063.0,6386.0,29177.0
E92000001,England,nation,2021-10-22,121933.0,6405.0,33804.0
E92000001,England,nation,2021-10-21,121831.0,6366.0,37789.0
E92000001,England,nation,2021-10-20,121721.0,6299.0,43111.0
E92000001,England,nation,2021-10-19,121603.0,6099.0,43694.0
E92000001,England,nation,2021-10-18,121500.0,5938.0,48247.0
E92000001,England,nation,2021-10-17,121405.0,5623.0,36773.0
E92000001,England,nation,2021-10-16,121302.0,5385.0,31037.0
E92000001,England,nation,2021-10-15,121206.0,5363.0,35920.0
E92000001,England,nation,2021-10-14,121101.0,5289.0,38467.0
E92000001,England,nation,2021-10-13,120991.0,5246.0,39759.0
E92000001,England,nation,2021-10-12,120902.0,5213.0,40064.0
E92000001,England,nation,2021-10-11,120817.0,5206.0,42282.0
E92000001,England,nation,2021-10-10,120727.0,5077.0,30923.0
E92000001,England,nation,2021-10-09,120657.0,4921.0,26604.0
E92000001,England,nation,2021-10-08,120567.0,4975.0,29266.0
E92000001,England,nation,2021-10-07,120477.0,4962.0,31565.0
E92000001,England,nation,2021-10-06,120387.0,5009.0,31917.0
E92000001,England,nation,2021-10-05,120313.0,5006.0,31594.0
E92000001,England,nation,2021-10-04,120227.0,4909.0,35789.0
E92000001,England,nation,2021-10-03,120147.0,4778.0,26627.0
E92000001,England,nation,2021-10-02,120072.0,4652.0,21443.0
E92000001,England,nation,2021-10-01,119998.0,4799.0,23671.0
E92000001,England,nation,2021-09-30,119900.0,4916.0,26248.0
E92000001,England,nation,2021-09-29,119819.0,5017.0,28141.0
E92000001,England,nation,2021-09-28,119735.0,5126.0,29022.0
E92000001,England,nation,2021-09-27,119659.0,5121.0,33901.0
E92000001,England,nation,2021-09-26,119582.0,4949.0,26269.0
E92000001,England,nation,2021-09-25,119514.0,5100.0,22658.0
E92000001,England,nation,2021-09-24,119423.0,5036.0,25221.0
E92000001,England,nation,2021-09-23,119332.0,5214.0,27715.0
E92000001,England,nation,2021-09-22,119230.0,5406.0,28189.0
E92000001,England,nation,2021-09-21,119129.0,5543.0,29952.0
E92000001,England,nation,2021-09-20,119037.0,5727.0,31458.0
E92000001,England,nation,2021-09-19,118935.0,5695.0,24263.0
E92000001,England,nation,2021-09-18,118845.0,5688.0,20521.0
E92000001,England,nation,2021-09-17,118753.0,5910.0,21914.0
E92000001,England,nation,2021-09-16,118631.0,6081.0,21733.0
E92000001,England,nation,2021-09-15,118518.0,6306.0,21956.0
E92000001,England,nation,2021-09-14,118417.0,6344.0,22144.0
E92000001,England,nation,2021-09-13,118299.0,6424.0,24639.0
E92000001,England,nation,2021-09-12,118228.0,6253.0,17511.0
E92000001,England,nation,2021-09-11,118125.0,6206.0,16605.0
E92000001,England,nation,2021-09-10,118022.0,6400.0,20531.0
E92000001,England,nation,2021-09-09,117913.0,6254.0,23906.0
E92000001,England,nation,2021-09-08,117785.0,6302.0,25062.0
E92000001,England,nation,2021-09-07,117671.0,6244.0,27347.0
E92000001,England,nation,2021-09-06,117546.0,6375.0,32374.0
E92000001,England,nation,2021-09-05,117425.0,6167.0,22975.0
E92000001,England,nation,2021-09-04,117309.0,6043.0,22965.0
E92000001,England,nation,2021-09-03,117198.0,6195.0,28113.0
E92000001,England,nation,2021-09-02,117072.0,6186.0,29979.0
E92000001,England,nation,2021-09-01,116973.0,6236.0,30937.0
E92000001,England,nation,2021-08-31,116877.0,6293.0,32853.0
E92000001,England,nation,2021-08-30,116782.0,6002.0,24400.0
E92000001,England,nation,2021-08-29,116692.0,5855.0,18738.0
E92000001,England,nation,2021-08-28,116586.0,5756.0,19693.0
E92000001,England,nation,2021-08-27,116483.0,5889.0,23714.0
E92000001,England,nation,2021-08-26,116377.0,5893.0,25897.0
E92000001,England,nation,2021-08-25,116272.0,5922.0,27253.0
E92000001,England,nation,2021-08-24,116185.0,5911.0,27553.0
E92000001,England,nation,2021-08-23,116082.0,6000.0,29667.0
E92000001,England,nation,2021-08-22,115986.0,5749.0,21956.0
E92000001,England,nation,2021-08-21,115885.0,5575.0,22146.0
E92000001,England,nation,2021-08-20,115798.0,5576.0,25011.0
E92000001,England,nation,2021-08-19,115697.0,5554.0,28398.0
E92000001,England,nation,2021-08-18,115605.0,5514.0,30694.0
E92000001,England,nation,2021-08-17,115527.0,5437.0,30335.0
E92000001,England,nation,2021-08-16,115431.0,5429.0,30155.0
E92000001,England,nation,2021-08-15,115359.0,5115.0,20838.0
E92000001,England,nation,2021-08-14,115287.0,4973.0,20920.0
E92000001,England,nation,2021-08-13,115208.0,5076.0,24465.0
E92000001,England,nation,2021-08-12,115121.0,5029.0,27074.0
E92000001,England,nation,2021-08-11,115030.0,5073.0,28492.0
E92000001,England,nation,2021-08-10,114950.0,5096.0,26989.0
E92000001,England,nation,2021-08-09,114881.0,5098.0,27629.0
E92000001,England,nation,2021-08-08,114813.0,4939.0,19709.0
E92000001,England,nation,2021-08-07,114748.0,4817.0,19505.0
E92000001,England,nation,2021-08-06,114663.0,4879.0,24298.0
E92000001,England,nation,2021-08-05,114584.0,4894.0,27512.0
E92000001,England,nation,2021-08-04,114495.0,4944.0,28245.0
E92000001,England,nation,2021-08-03,114425.0,5116.0,26414.0
E92000001,England,nation,2021-08-02,114359.0,5309.0,25977.0
E92000001,England,nation,2021-08-01,114293.0,5090.0,18220.0
E92000001,England,nation,2021-07-31,114220.0,5057.0,18005.0
E92000001,England,nation,2021-07-30,114144.0,5111.0,21586.0
E92000001,England,nation,2021-07-29,114051.0,5056.0,24793.0
E92000001,England,nation,2021-07-28,113985.0,5182.0,26345.0
E92000001,England,nation,2021-07-27,113914.0,5163.0,25438.0
E92000001,England,nation,2021-07-26,113855.0,5055.0,25927.0
E92000001,England,nation,2021-07-25,113790.0,4725.0,19234.0
E92000001,England,nation,2021-07-24,113727.0,4476.0,19845.0
E92000001,England,nation,2021-07-23,113663.0,4401.0,24011.0
E92000001,England,nation,2021-07-22,113593.0,4230.0,27169.0
E92000001,England,nation,2021-07-21,113529.0,4063.0,31049.0
E92000001,England,nation,2021-07-20,113485.0,3894.0,35122.0
E92000001,England,nation,2021-07-19,113436.0,3813.0,42440.0
E92000001,England,nation,2021-07-18,113365.0,3546.0,32495.0
E92000001,England,nation,2021-07-17,113309.0,3442.0,34638.0
E92000001,England,nation,2021-07-16,113265.0,3367.0,50133.0
E92000001,England,nation,2021-07-15,113226.0,3241.0,56370.0
E92000001,England,nation,2021-07-14,113182.0,3110.0,49281.0
E92000001,England,nation,2021-07-13,113150.0,2970.0,42310.0
E92000001,England,nation,2021-07-12,113112.0,2798.0,39643.0
E92000001,England,nation,2021-07-11,113080.0,2564.0,26938.0
E92000001,England,nation,2021-07-10,113055.0,2429.0,24925.0
E92000001,England,nation,2021-07-09,113023.0,2352.0,28459.0
E92000001,England,nation,2021-07-08,112985.0,2209.0,29278.0
E92000001,England,nation,2021-07-07,112959.0,2144.0,33514.0
E92000001,England,nation,2021-07-06,112936.0,1998.0,30964.0
E92000001,England,nation,2021-07-05,112917.0,1888.0,29528.0
E92000001,England,nation,2021-07-04,112894.0,1744.0,21321.0
E92000001,England,nation,2021-07-03,112872.0,1636.0,20205.0
E92000001,England,nation,2021-07-02,112849.0,1611.0,21742.0
E92000001,England,nation,2021-07-01,112824.0,1560.0,23613.0
E92000001,England,nation,2021-06-30,112806.0,1500.0,23402.0
E92000001,England,nation,2021-06-29,112786.0,1445.0,22676.0
E92000001,England,nation,2021-06-28,112766.0,1465.0,22880.0
E92000001,England,nation,2021-06-27,112757.0,1331.0,15043.0
E92000001,England,nation,2021-06-26,112740.0,1276.0,13181.0
E92000001,England,nation,2021-06-25,112731.0,1284.0,14518.0
E92000001,England,nation,2021-06-24,112712.0,1274.0,14709.0
E92000001,England,nation,2021-06-23,112693.0,1255.0,14397.0
E92000001,England,nation,2021-06-22,112688.0,1301.0,13217.0
E92000001,England,nation,2021-06-21,112679.0,1290.0,12406.0
E92000001,England,nation,2021-06-20,112666.0,1168.0,8010.0
E92000001,England,nation,2021-06-19,112646.0,1143.0,6940.0
E92000001,England,nation,2021-06-18,112627.0,1170.0,8507.0
E92000001,England,nation,2021-06-17,112617.0,1122.0,9200.0
E92000001,England,nation,2021-06-16,112612.0,1057.0,9155.0
E92000001,England,nation,2021-06-15,112602.0,1030.0,8867.0
E92000001,England,nation,2021-06-14,112589.0,993.0,8690.0
E92000001,England,nation,2021-06-13,112581.0,947.0,5909.0
E92000001,England,nation,2021-06-12,112574.0,915.0,5257.0
E92000001,England,nation,2021-06-11,112561.0,884.0,6337.0
E92000001,England,nation,2021-06-10,112555.0,906.0,6528.0
E92000001,England,nation,2021-06-09,112546.0,876.0,6719.0
E92000001,England,nation,2021-06-08,112542.0,879.0,6426.0
E92000001,England,nation,2021-06-07,112535.0,860.0,6595.0
E92000001,England,nation,2021-06-06,112531.0,807.0,4612.0
E92000001,England,nation,2021-06-05,112526.0,782.0,3861.0
E92000001,England,nation,2021-06-04,112522.0,805.0,4737.0
E92000001,England,nation,2021-06-03,112514.0,779.0,4974.0
E92000001,England,nation,2021-06-02,112504.0,801.0,4920.0
E92000001,England,nation,2021-06-01,112495.0,776.0,4334.0
E92000001,England,nation,2021-05-31,112492.0,773.0,3064.0
E92000001,England,nation,2021-05-30,112485.0,755.0,2532.0
E92000001,England,nation,2021-05-29,112478.0,748.0,2392.0
E92000001,England,nation,2021-05-28,112473.0,743.0,2826.0
E92000001,England,nation,2021-05-27,112467.0,742.0,2962.0
E92000001,England,nation,2021-05-26,112460.0,745.0,3068.0
E92000001,England,nation,2021-05-25,112450.0,765.0,2690.0
E92000001,England,nation,2021-05-24,112447.0,797.0,2618.0
E92000001,England,nation,2021-05-23,112439.0,756.0,1842.0
E92000001,England,nation,2021-05-22,112433.0,730.0,1536.0
E92000001,England,nation,2021-05-21,112430.0,766.0,1799.0
E92000001,England,nation,2021-05-20,112423.0,749.0,1914.0
E92000001,England,nation,2021-05-19,112418.0,757.0,2172.0
E92000001,England,nation,2021-05-18,112415.0,749.0,2140.0
E92000001,England,nation,2021-05-17,112412.0,798.0,2243.0
E92000001,England,nation,2021-05-16,112407.0,801.0,1521.0
E92000001,England,nation,2021-05-15,112401.0,810.0,1260.0
E92000001,England,nation,2021-05-14,112394.0,818.0,1457.0
E92000001,England,nation,2021-05-13,112391.0,845.0,1656.0
E92000001,England,nation,2021-05-12,112387.0,907.0,1772.0
E92000001,England,nation,2021-05-11,112378.0,921.0,1746.0
E92000001,England,nation,2021-05-10,112365.0,944.0,2175.0
E92000001,England,nation,2021-05-09,112357.0,933.0,1849.0
E92000001,England,nation,2021-05-08,112349.0,948.0,1203.0
E92000001,England,nation,2021-05-07,112341.0,973.0,1561.0
E92000001,England,nation,2021-05-06,112333.0,976.0,1809.0
E92000001,England,nation,2021-05-05,112326.0,1032.0,2041.0
E92000001,England,nation,2021-05-04,112314.0,1093.0,2044.0
E92000001,England,nation,2021-05-03,112305.0,1096.0,1695.0
E92000001,England,nation,2021-05-02,112297.0,1082.0,1215.0
E92000001,England,nation,2021-05-01,112287.0,1071.0,1129.0
E92000001,England,nation,2021-04-30,112280.0,1161.0,1412.0
E92000001,England,nation,2021-04-29,112272.0,1235.0,1763.0
E92000001,England,nation,2021-04-28,112261.0,1278.0,2018.0
E92000001,England,nation,2021-04-27,112248.0,1310.0,1693.0
E92000001,England,nation,2021-04-26,112238.0,1393.0,2095.0
E92000001,England,nation,2021-04-25,112229.0,1377.0,1775.0
E92000001,England,nation,2021-04-24,112217.0,1401.0,1202.0
E92000001,England,nation,2021-04-23,112210.0,1478.0,1580.0
E92000001,England,nation,2021-04-22,112193.0,1523.0,1884.0
E92000001,England,nation,2021-04-21,112179.0,1609.0,2128.0
E92000001,England,nation,2021-04-20,112162.0,1649.0,1942.0
E92000001,England,nation,2021-04-19,112145.0,1732.0,2128.0
E92000001,England,nation,2021-04-18,112129.0,1691.0,2129.0
E92000001,England,nation,2021-04-17,112114.0,1735.0,1308.0
E92000001,England,nation,2021-04-16,112095.0,1844.0,1810.0
E92000001,England,nation,2021-04-15,112080.0,1885.0,1804.0
E92000001,England,nation,2021-04-14,112063.0,1972.0,1945.0
E92000001,England,nation,2021-04-13,112054.0,2057.0,1909.0
E92000001,England,nation,2021-04-12,112035.0,2108.0,2236.0
E92000001,England,nation,2021-04-11,112010.0,2096.0,1902.0
E92000001,England,nation,2021-04-10,111991.0,2190.0,1888.0
E92000001,England,nation,2021-04-09,111973.0,2321.0,2314.0
E92000001,England,nation,2021-04-08,111956.0,2382.0,2481.0
E92000001,England,nation,2021-04-07,111925.0,2486.0,2590.0
E92000001,England,nation,2021-04-06,111900.0,2588.0,2565.0
E92000001,England,nation,2021-04-05,111877.0,2680.0,2190.0
E92000001,England,nation,2021-04-04,111867.0,2672.0,1923.0
E92000001,England,nation,2021-04-03,111843.0,2677.0,2013.0
E92000001,England,nation,2021-04-02,111816.0,2784.0,2128.0
E92000001,England,nation,2021-04-01,111797.0,2928.0,2866.0
E92000001,England,nation,2021-03-31,111769.0,3084.0,3148.0
E92000001,England,nation,2021-03-30,111732.0,3283.0,2956.0
E92000001,England,nation,2021-03-29,111694.0,3466.0,3198.0
E92000001,England,nation,2021-03-28,111668.0,3438.0,4102.0
E92000001,England,nation,2021-03-27,111641.0,3676.0,2946.0
E92000001,England,nation,2021-03-26,111612.0,3712.0,3628.0
E92000001,England,nation,2021-03-25,111571.0,3763.0,4451.0
E92000001,England,nation,2021-03-24,111534.0,4005.0,5116.0
E92000001,England,nation,2021-03-23,111500.0,4245.0,4346.0
E92000001,England,nation,2021-03-22,111454.0,4501.0,5149.0
E92000001,England,nation,2021-03-21,111396.0,4492.0,4518.0
E92000001,England,nation,2021-03-20,111326.0,4589.0,3372.0
E92000001,England,nation,2021-03-19,111267.0,4841.0,4143.0
E92000001,England,nation,2021-03-18,111211.0,5083.0,4526.0
E92000001,England,nation,2021-03-17,111160.0,5397.0,4850.0
E92000001,England,nation,2021-03-16,111095.0,5664.0,4743.0
E92000001,England,nation,2021-03-15,111029.0,5976.0,5442.0
E92000001,England,nation,2021-03-14,110945.0,6039.0,3586.0
E92000001,England,nation,2021-03-13,110866.0,6072.0,3456.0
E92000001,England,nation,2021-03-12,110766.0,6391.0,4623.0
E92000001,England,nation,2021-03-11,110685.0,6687.0,4690.0
E92000001,England,nation,2021-03-10,110578.0,6975.0,5013.0
E92000001,England,nation,2021-03-09,110481.0,7451.0,5220.0
E92000001,England,nation,2021-03-08,110368.0,7847.0,5571.0
E92000001,England,nation,2021-03-07,110247.0,7812.0,3544.0
E92000001,England,nation,2021-03-06,110134.0,8021.0,3708.0
E92000001,England,nation,2021-03-05,110005.0,8594.0,4552.0
E92000001,England,nation,2021-03-04,109849.0,9092.0,4799.0
E92000001,England,nation,2021-03-03,109720.0,9594.0,5105.0
E92000001,England,nation,2021-03-02,109594.0,10121.0,5686.0
E92000001,England,nation,2021-03-01,109439.0,10765.0,5891.0
E92000001,England,nation,2021-02-28,109247.0,10663.0,3958.0
E92000001,England,nation,2021-02-27,109049.0,11090.0,4104.0
E92000001,England,nation,2021-02-26,108853.0,11781.0,5670.0
E92000001,England,nation,2021-02-25,108658.0,12449.0,6621.0
E92000001,England,nation,2021-02-24,108437.0,13007.0,7307.0
E92000001,England,nation,2021-02-23,108197.0,13511.0,8149.0
E92000001,England,nation,2021-02-22,107941.0,14137.0,9857.0
E92000001,England,nation,2021-02-21,107700.0,14142.0,6800.0
E92000001,England,nation,2021-02-20,107415.0,14316.0,6897.0
E92000001,England,nation,2021-02-19,107113.0,15018.0,8883.0
E92000001,England,nation,2021-02-18,106797.0,15633.0,9913.0
E92000001,England,nation,2021-02-17,106434.0,16458.0,10027.0
E92000001,England,nation,2021-02-16,106050.0,17093.0,10817.0
E92000001,England,nation,2021-02-15,105655.0,17730.0,12469.0
E92000001,England,nation,2021-02-14,105194.0,17787.0,7535.0
E92000001,England,nation,2021-02-13,104759.0,17694.0,7743.0
E92000001,England,nation,2021-02-12,104327.0,19009.0,10575.0
E92000001,England,nation,2021-02-11,103875.0,19983.0,11229.0
E92000001,England,nation,2021-02-10,103366.0,20926.0,11848.0
E92000001,England,nation,2021-02-09,102825.0,22067.0,12247.0
E92000001,England,nation,2021-02-08,102288.0,23020.0,13854.0
E92000001,England,nation,2021-02-07,101676.0,22991.0,10160.0
E92000001,England,nation,2021-02-06,101109.0,23042.0,10589.0
E92000001,England,nation,2021-02-05,100501.0,24402.0,13980.0
E92000001,England,nation,2021-02-04,99825.0,25334.0,16158.0
E92000001,England,nation,2021-02-03,99177.0,26374.0,17410.0
E92000001,England,nation,2021-02-02,98400.0,27397.0,17662.0
E92000001,England,nation,2021-02-01,97641.0,28539.0,20111.0
E92000001,England,nation,2021-01-31,96837.0,28112.0,13710.0
E92000001,England,nation,2021-01-30,96027.0,28571.0,15005.0
E92000001,England,nation,2021-01-29,95196.0,29359.0,19689.0
E92000001,England,nation,2021-01-28,94252.0,30333.0,21847.0
E92000001,England,nation,2021-01-27,93237.0,30846.0,23240.0
E92000001,England,nation,2021-01-26,92229.0,32337.0,24434.0
E92000001,England,nation,2021-01-25,91269.0,32938.0,27111.0
E92000001,England,nation,2021-01-24,90199.0,32907.0,15454.0
E92000001,England,nation,2021-01-23,89159.0,32614.0,19875.0
E92000001,England,nation,2021-01-22,88102.0,33412.0,26919.0
E92000001,England,nation,2021-01-21,86978.0,33235.0,28755.0
E92000001,England,nation,2021-01-20,85845.0,33886.0,31752.0
E92000001,England,nation,2021-01-19,84672.0,34015.0,35967.0
E92000001,England,nation,2021-01-18,83428.0,34336.0,40720.0
E92000001,England,nation,2021-01-17,82262.0,33352.0,26211.0
E92000001,England,nation,2021-01-16,81093.0,32923.0,27652.0
E92000001,England,nation,2021-01-15,79922.0,33362.0,36784.0
E92000001,England,nation,2021-01-14,78821.0,32925.0,38534.0
E92000001,England,nation,2021-01-13,77732.0,32689.0,41165.0
E92000001,England,nation,2021-01-12,76631.0,32202.0,44683.0
E92000001,England,nation,2021-01-11,75540.0,32070.0,52025.0
E92000001,England,nation,2021-01-10,74536.0,30758.0,32862.0
E92000001,England,nation,2021-01-09,73556.0,29462.0,35448.0
E92000001,England,nation,2021-01-08,72628.0,29346.0,42335.0
E92000001,England,nation,2021-01-07,71740.0,28246.0,46857.0
E92000001,England,nation,2021-01-06,70852.0,27727.0,51319.0
E92000001,England,nation,2021-01-05,70028.0,26467.0,58044.0
E92000001,England,nation,2021-01-04,69208.0,26626.0,69114.0
E92000001,England,nation,2021-01-03,68455.0,24957.0,49510.0
E92000001,England,nation,2021-01-02,67803.0,23557.0,54176.0
E92000001,England,nation,2021-01-01,67133.0,22534.0,28224.0
E92000001,England,nation,2020-12-31,66491.0,22728.0,46695.0
E92000001,England,nation,2020-12-30,65839.0,22713.0,62879.0
E92000001,England,nation,2020-12-29,65213.0,21787.0,72504.0
E92000001,England,nation,2020-12-28,64635.0,20426.0,40038.0
E92000001,England,nation,2020-12-27,64045.0,19277.0,42437.0
E92000001,England,nation,2020-12-26,63469.0,18350.0,36713.0
E92000001,England,nation,2020-12-25,62902.0,17701.0,12673.0
E92000001,England,nation,2020-12-24,62365.0,18227.0,28695.0
E92000001,England,nation,2020-12-23,61878.0,17834.0,37610.0
E92000001,England,nation,2020-12-22,61397.0,18063.0,40898.0
E92000001,England,nation,2020-12-21,60908.0,17709.0,42597.0
E92000001,England,nation,2020-12-20,60412.0,16633.0,28940.0
E92000001,England,nation,2020-12-19,59982.0,16183.0,21742.0
E92000001,England,nation,2020-12-18,59570.0,15866.0,31835.0
E92000001,England,nation,2020-12-17,59137.0,15741.0,29610.0
E92000001,England,nation,2020-12-16,58697.0,15465.0,30123.0
E92000001,England,nation,2020-12-15,58342.0,15031.0,29093.0
E92000001,England,nation,2020-12-14,57954.0,15053.0,29509.0
E92000001,England,nation,2020-12-13,57542.0,14460.0,18126.0
E92000001,England,nation,2020-12-12,57177.0,13927.0,16030.0
E92000001,England,nation,2020-12-11,56803.0,13901.0,19867.0
E92000001,England,nation,2020-12-10,56405.0,13796.0,18542.0
E92000001,England,nation,2020-12-09,56027.0,13467.0,17462.0
E92000001,England,nation,2020-12-08,55653.0,13629.0,16670.0
E92000001,England,nation,2020-12-07,55278.0,13616.0,17394.0
E92000001,England,nation,2020-12-06,54924.0,13189.0,10870.0
E92000001,England,nation,2020-12-05,54569.0,12968.0,10139.0
E92000001,England,nation,2020-12-04,54225.0,12987.0,12882.0
E92000001,England,nation,2020-12-03,53813.0,12896.0,12524.0
E92000001,England,nation,2020-12-02,53408.0,13212.0,13466.0
E92000001,England,nation,2020-12-01,53072.0,13507.0,13522.0
E92000001,England,nation,2020-11-30,52726.0,13756.0,15025.0
E92000001,England,nation,2020-11-29,52364.0,13521.0,8904.0
E92000001,England,nation,2020-11-28,51961.0,13208.0,9205.0
E92000001,England,nation,2020-11-27,51578.0,13754.0,12267.0
E92000001,England,nation,2020-11-26,51214.0,13908.0,12274.0
E92000001,England,nation,2020-11-25,50841.0,14240.0,13931.0
E92000001,England,nation,2020-11-24,50416.0,14506.0,14029.0
E92000001,England,nation,2020-11-23,50010.0,14712.0,16204.0
E92000001,England,nation,2020-11-22,49610.0,14354.0,10039.0
E92000001,England,nation,2020-11-21,49204.0,14118.0,10618.0
E92000001,England,nation,2020-11-20,48807.0,14236.0,14678.0
E92000001,England,nation,2020-11-19,48417.0,14479.0,15497.0
E92000001,England,nation,2020-11-18,48019.0,14490.0,18209.0
E92000001,England,nation,2020-11-17,47584.0,14411.0,20318.0
E92000001,England,nation,2020-11-16,47220.0,14313.0,23720.0
E92000001,England,nation,2020-11-15,46862.0,13886.0,14209.0
E92000001,England,nation,2020-11-14,46480.0,13399.0,16033.0
E92000001,England,nation,2020-11-13,46122.0,13328.0,21649.0
E92000001,England,nation,2020-11-12,45765.0,12967.0,21955.0
E92000001,England,nation,2020-11-11,45414.0,12730.0,24636.0
E92000001,England,nation,2020-11-10,45102.0,12033.0,24469.0
E92000001,England,nation,2020-11-09,44783.0,12259.0,28100.0
E92000001,England,nation,2020-11-08,44382.0,11680.0,17964.0
E92000001,England,nation,2020-11-07,44041.0,11514.0,16621.0
E92000001,England,nation,2020-11-06,43708.0,11181.0,20828.0
E92000001,England,nation,2020-11-05,43375.0,10994.0,20871.0
E92000001,England,nation,2020-11-04,43074.0,11037.0,20691.0
E92000001,England,nation,2020-11-03,42796.0,10971.0,22309.0
E92000001,England,nation,2020-11-02,42505.0,10397.0,27932.0
E92000001,England,nation,2020-11-01,42219.0,9623.0,13370.0
E92000001,England,nation,2020-10-31,41933.0,9782.0,14345.0
E92000001,England,nation,2020-10-30,41656.0,9295.0,19644.0
E92000001,England,nation,2020-10-29,41375.0,9127.0,19960.0
E92000001,England,nation,2020-10-28,41126.0,9070.0,20231.0
E92000001,England,nation,2020-10-27,40888.0,8595.0,20483.0
E92000001,England,nation,2020-10-26,40671.0,7856.0,22757.0
E92000001,England,nation,2020-10-25,40448.0,7612.0,13164.0
E92000001,England,nation,2020-10-24,40243.0,7176.0,13519.0
E92000001,England,nation,2020-10-23,40073.0,6842.0,18102.0
E92000001,England,nation,2020-10-22,39885.0,6345.0,19610.0
E92000001,England,nation,2020-10-21,39698.0,6271.0,21484.0
E92000001,England,nation,2020-10-20,39507.0,6072.0,21325.0
E92000001,England,nation,2020-10-19,39336.0,5644.0,22104.0
E92000001,England,nation,2020-10-18,39177.0,5202.0,11855.0
E92000001,England,nation,2020-10-17,39057.0,5029.0,12351.0
E92000001,England,nation,2020-10-16,38895.0,4854.0,14549.0
E92000001,England,nation,2020-10-15,38773.0,4569.0,15235.0
E92000001,England,nation,2020-10-14,38649.0,4313.0,16434.0
E92000001,England,nation,2020-10-13,38548.0,4105.0,15437.0
E92000001,England,nation,2020-10-12,38461.0,3827.0,16197.0
E92000001,England,nation,2020-10-11,38365.0,3604.0,9653.0
E92000001,England,nation,2020-10-10,38262.0,3369.0,10153.0
E92000001,England,nation,2020-10-09,38172.0,3238.0,13011.0
E92000001,England,nation,2020-10-08,38105.0,3179.0,15263.0
E92000001,England,nation,2020-10-07,38029.0,3066.0,15185.0
E92000001,England,nation,2020-10-06,37948.0,2903.0,14288.0
E92000001,England,nation,2020-10-05,37886.0,2705.0,14036.0
E92000001,England,nation,2020-10-04,37827.0,2435.0,9831.0
E92000001,England,nation,2020-10-03,37773.0,2290.0,9699.0
E92000001,England,nation,2020-10-02,37718.0,2180.0,11574.0
E92000001,England,nation,2020-10-01,37654.0,2069.0,11305.0
E92000001,England,nation,2020-09-30,37599.0,2036.0,10521.0
E92000001,England,nation,2020-09-29,37551.0,1954.0,8717.0
E92000001,England,nation,2020-09-28,37508.0,1955.0,8573.0
E92000001,England,nation,2020-09-27,37461.0,1793.0,6025.0
E92000001,England,nation,2020-09-26,37419.0,1689.0,5647.0
E92000001,England,nation,2020-09-25,37384.0,1686.0,6029.0
E92000001,England,nation,2020-09-24,37355.0,1546.0,6293.0
E92000001,England,nation,2020-09-23,37322.0,1439.0,5884.0
E92000001,England,nation,2020-09-22,37270.0,1378.0,5353.0
E92000001,England,nation,2020-09-21,37235.0,1299.0,4695.0
E92000001,England,nation,2020-09-20,37211.0,1174.0,4625.0
E92000001,England,nation,2020-09-19,37183.0,1081.0,4174.0
E92000001,England,nation,2020-09-18,37165.0,1020.0,4271.0
E92000001,England,nation,2020-09-17,37144.0,984.0,3941.0
E92000001,England,nation,2020-09-16,37120.0,929.0,3742.0
E92000001,England,nation,2020-09-15,37098.0,891.0,3040.0
E92000001,England,nation,2020-09-14,37083.0,812.0,2892.0
E92000001,England,nation,2020-09-13,37066.0,691.0,1708.0
E92000001,England,nation,2020-09-12,37052.0,663.0,2205.0
E92000001,England,nation,2020-09-11,37034.0,622.0,2858.0
E92000001,England,nation,2020-09-10,37024.0,572.0,3100.0
E92000001,England,nation,2020-09-09,37012.0,557.0,2849.0
E92000001,England,nation,2020-09-08,37003.0,535.0,3001.0
E92000001,England,nation,2020-09-07,36994.0,555.0,3460.0
E92000001,England,nation,2020-09-06,36981.0,483.0,2056.0
E92000001,England,nation,2020-09-05,36973.0,471.0,2189.0
E92000001,England,nation,2020-09-04,36961.0,474.0,2590.0
E92000001,England,nation,2020-09-03,36955.0,468.0,2661.0
E92000001,England,nation,2020-09-02,36949.0,451.0,2618.0
E92000001,England,nation,2020-09-01,36941.0,496.0,1927.0
E92000001,England,nation,2020-08-31,36939.0,495.0,1260.0
E92000001,England,nation,2020-08-30,36932.0,479.0,975.0
E92000001,England,nation,2020-08-29,36926.0,478.0,1040.0
E92000001,England,nation,2020-08-28,36921.0,469.0,1384.0
E92000001,England,nation,2020-08-27,36913.0,492.0,1326.0
E92000001,England,nation,2020-08-26,36905.0,485.0,1135.0
E92000001,England,nation,2020-08-25,36894.0,500.0,1062.0
E92000001,England,nation,2020-08-24,36883.0,522.0,1132.0
E92000001,England,nation,2020-08-23,36878.0,522.0,697.0
E92000001,England,nation,2020-08-22,36865.0,594.0,715.0
E92000001,England,nation,2020-08-21,36859.0,528.0,1007.0
E92000001,England,nation,2020-08-20,36852.0,551.0,1218.0
E92000001,England,nation,2020-08-19,36844.0,571.0,1074.0
E92000001,England,nation,2020-08-18,36842.0,597.0,924.0
E92000001,England,nation,2020-08-17,36835.0,626.0,1135.0
E92000001,England,nation,2020-08-16,36823.0,634.0,530.0
E92000001,England,nation,2020-08-15,36819.0,630.0,643.0
E92000001,England,nation,2020-08-14,36808.0,642.0,1037.0
E92000001,England,nation,2020-08-13,36802.0,652.0,1022.0
E92000001,England,nation,2020-08-12,36795.0,642.0,1095.0
E92000001,England,nation,2020-08-11,36789.0,672.0,1213.0
E92000001,England,nation,2020-08-10,36779.0,714.0,1348.0
E92000001,England,nation,2020-08-09,36768.0,611.0,555.0
E92000001,England,nation,2020-08-08,36760.0,650.0,637.0
E92000001,England,nation,2020-08-07,36749.0,711.0,865.0
E92000001,England,nation,2020-08-06,36742.0,756.0,981.0
E92000001,England,nation,2020-08-05,36733.0,805.0,942.0
E92000001,England,nation,2020-08-04,36730.0,807.0,920.0
E92000001,England,nation,2020-08-03,36720.0,842.0,936.0
E92000001,England,nation,2020-08-02,36706.0,847.0,512.0
E92000001,England,nation,2020-08-01,36698.0,879.0,494.0
E92000001,England,nation,2020-07-31,36689.0,870.0,626.0
E92000001,England,nation,2020-07-30,36679.0,898.0,856.0
E92000001,England,nation,2020-07-29,36671.0,927.0,972.0
E92000001,England,nation,2020-07-28,36663.0,944.0,779.0
E92000001,England,nation,2020-07-27,36653.0,945.0,808.0
E92000001,England,nation,2020-07-26,36643.0,965.0,515.0
E92000001,England,nation,2020-07-25,36629.0,977.0,492.0
E92000001,England,nation,2020-07-24,36616.0,1018.0,718.0
E92000001,England,nation,2020-07-23,36610.0,1095.0,728.0
E92000001,England,nation,2020-07-22,36594.0,1305.0,746.0
E92000001,England,nation,2020-07-21,36578.0,1188.0,688.0
E92000001,England,nation,2020-07-20,36559.0,1278.0,753.0
E92000001,England,nation,2020-07-19,36547.0,1301.0,414.0
E92000001,England,nation,2020-07-18,36533.0,1321.0,467.0
E92000001,England,nation,2020-07-17,36519.0,1346.0,548.0
E92000001,England,nation,2020-07-16,36501.0,1348.0,641.0
E92000001,England,nation,2020-07-15,36489.0,1489.0,725.0
E92000001,England,nation,2020-07-14,36469.0,1506.0,650.0
E92000001,England,nation,2020-07-13,36449.0,1612.0,689.0
E92000001,England,nation,2020-07-12,36427.0,1611.0,353.0
E92000001,England,nation,2020-07-11,36415.0,1640.0,421.0
E92000001,England,nation,2020-07-10,36395.0,1746.0,521.0
E92000001,England,nation,2020-07-09,36374.0,1801.0,683.0
E92000001,England,nation,2020-07-08,36339.0,1888.0,672.0
E92000001,England,nation,2020-07-07,36316.0,2010.0,559.0
E92000001,England,nation,2020-07-06,36290.0,2099.0,653.0
E92000001,England,nation,2020-07-05,36257.0,2100.0,540.0
E92000001,England,nation,2020-07-04,36233.0,2152.0,388.0
E92000001,England,nation,2020-07-03,36202.0,2294.0,541.0
E92000001,England,nation,2020-07-02,36176.0,2410.0,564.0
E92000001,England,nation,2020-07-01,36136.0,2509.0,616.0
E92000001,England,nation,2020-06-30,36114.0,2665.0,572.0
E92000001,England,nation,2020-06-29,36071.0,3024.0,667.0
E92000001,England,nation,2020-06-28,36037.0,2818.0,410.0
E92000001,England,nation,2020-06-27,35995.0,2819.0,504.0
E92000001,England,nation,2020-06-26,35956.0,2859.0,640.0
E92000001,England,nation,2020-06-25,35919.0,3066.0,637.0
E92000001,England,nation,2020-06-24,35861.0,3223.0,726.0
E92000001,England,nation,2020-06-23,35794.0,3288.0,729.0
E92000001,England,nation,2020-06-22,35733.0,3417.0,814.0
E92000001,England,nation,2020-06-21,35675.0,3373.0,549.0
E92000001,England,nation,2020-06-20,35628.0,3423.0,628.0
E92000001,England,nation,2020-06-19,35574.0,3575.0,821.0
E92000001,England,nation,2020-06-18,35527.0,3681.0,943.0
E92000001,England,nation,2020-06-17,35470.0,3826.0,910.0
E92000001,England,nation,2020-06-16,35416.0,3934.0,993.0
E92000001,England,nation,2020-06-15,35347.0,3920.0,936.0
E92000001,England,nation,2020-06-14,35286.0,3973.0,744.0
E92000001,England,nation,2020-06-13,35210.0,4000.0,788.0
E92000001,England,nation,2020-06-12,35158.0,4136.0,942.0
E92000001,England,nation,2020-06-11,35085.0,4179.0,911.0
E92000001,England,nation,2020-06-10,35014.0,4447.0,1078.0
E92000001,England,nation,2020-06-09,34917.0,4665.0,1054.0
E92000001,England,nation,2020-06-08,34832.0,4830.0,989.0
E92000001,England,nation,2020-06-07,34720.0,4820.0,666.0
E92000001,England,nation,2020-06-06,34607.0,5004.0,727.0
E92000001,England,nation,2020-06-05,34509.0,5213.0,1022.0
E92000001,England,nation,2020-06-04,34400.0,5398.0,1145.0
E92000001,England,nation,2020-06-03,34279.0,5600.0,1238.0
E92000001,England,nation,2020-06-02,34141.0,5827.0,1348.0
E92000001,England,nation,2020-06-01,33986.0,5954.0,1312.0
E92000001,England,nation,2020-05-31,33865.0,5933.0,988.0
E92000001,England,nation,2020-05-30,33752.0,5972.0,996.0
E92000001,England,nation,2020-05-29,33607.0,6250.0,1371.0
E92000001,England,nation,2020-05-28,33444.0,6528.0,1572.0
E92000001,England,nation,2020-05-27,33262.0,6836.0,1609.0
E92000001,England,nation,2020-05-26,33091.0,7305.0,1451.0
E92000001,England,nation,2020-05-25,32902.0,7448.0,1376.0
E92000001,England,nation,2020-05-24,32727.0,7415.0,1200.0
E92000001,England,nation,2020-05-23,32558.0,7428.0,1301.0
E92000001,England,nation,2020-05-22,32358.0,7761.0,1792.0
E92000001,England,nation,2020-05-21,32163.0,7903.0,2266.0
E92000001,England,nation,2020-05-20,31962.0,8115.0,2342.0
E92000001,England,nation,2020-05-19,31728.0,8518.0,2581.0
E92000001,England,nation,2020-05-18,31497.0,8668.0,2207.0
E92000001,England,nation,2020-05-17,31244.0,8611.0,1588.0
E92000001,England,nation,2020-05-16,31021.0,8643.0,1768.0
E92000001,England,nation,2020-05-15,30753.0,9079.0,2129.0
E92000001,England,nation,2020-05-14,30484.0,9231.0,2208.0
E92000001,England,nation,2020-05-13,30207.0,9602.0,2884.0
E92000001,England,nation,2020-05-12,29951.0,9791.0,2918.0
E92000001,England,nation,2020-05-11,29676.0,10109.0,3056.0
E92000001,England,nation,2020-05-10,29416.0,9893.0,2001.0
E92000001,England,nation,2020-05-09,29116.0,10176.0,1793.0
E92000001,England,nation,2020-05-08,28786.0,10249.0,2619.0
E92000001,England,nation,2020-05-07,28456.0,10726.0,3203.0
E92000001,England,nation,2020-05-06,28057.0,11227.0,3259.0
E92000001,England,nation,2020-05-05,27667.0,11754.0,3135.0
E92000001,England,nation,2020-05-04,27275.0,12020.0,2842.0
E92000001,England,nation,2020-05-03,26863.0,12119.0,2632.0
E92000001,England,nation,2020-05-02,26475.0,12314.0,2742.0
E92000001,England,nation,2020-05-01,26051.0,12623.0,4084.0
E92000001,England,nation,2020-04-30,25572.0,12922.0,4304.0
E92000001,England,nation,2020-04-29,25088.0,13224.0,4724.0
E92000001,England,nation,2020-04-28,24594.0,13565.0,4105.0
E92000001,England,nation,2020-04-27,24095.0,14255.0,4022.0
E92000001,England,nation,2020-04-26,23590.0,14174.0,3133.0
E92000001,England,nation,2020-04-25,23030.0,14202.0,3369.0
E92000001,England,nation,2020-04-24,22475.0,14642.0,4346.0
E92000001,England,nation,2020-04-23,21872.0,15402.0,4556.0
E92000001,England,nation,2020-04-22,21277.0,16018.0,4796.0
E92000001,England,nation,2020-04-21,20634.0,16517.0,3976.0
E92000001,England,nation,2020-04-20,19983.0,16654.0,3671.0
E92000001,England,nation,2020-04-19,19298.0,16928.0,3468.0
E92000001,England,nation,2020-04-18,18611.0,16850.0,4102.0
E92000001,England,nation,2020-04-17,17905.0,16728.0,4060.0
E92000001,England,nation,2020-04-16,17163.0,17783.0,4344.0
E92000001,England,nation,2020-04-15,16408.0,17934.0,4215.0
E92000001,England,nation,2020-04-14,15626.0,18552.0,3538.0
E92000001,England,nation,2020-04-13,14858.0,18621.0,3427.0
E92000001,England,nation,2020-04-12,14053.0,18974.0,2937.0
E92000001,England,nation,2020-04-11,13196.0,18604.0,3058.0
E92000001,England,nation,2020-04-10,12332.0,18669.0,3579.0
E92000001,England,nation,2020-04-09,11482.0,18423.0,4053.0
E92000001,England,nation,2020-04-08,10608.0,18152.0,4285.0
E92000001,England,nation,2020-04-07,9632.0,17814.0,4563.0
E92000001,England,nation,2020-04-06,8722.0,17154.0,4366.0
E92000001,England,nation,2020-04-05,7916.0,16657.0,3074.0
E92000001,England,nation,2020-04-04,7087.0,15469.0,3376.0
E92000001,England,nation,2020-04-03,6249.0,13635.0,4079.0
E92000001,England,nation,2020-04-02,5506.0,12135.0,4063.0
E92000001,England,nation,2020-04-01,4774.0,12059.0,4117.0
E92000001,England,nation,2020-03-31,4076.0,11154.0,3780.0
E92000001,England,nation,2020-03-30,3473.0,9852.0,3514.0
E92000001,England,nation,2020-03-29,2932.0,8424.0,2436.0
E92000001,England,nation,2020-03-28,2468.0,7269.0,2368.0
E92000001,England,nation,2020-03-27,2084.0,6462.0,2649.0
E92000001,England,nation,2020-03-26,1710.0,5226.0,2604.0
E92000001,England,nation,2020-03-25,1373.0,4402.0,2258.0
E92000001,England,nation,2020-03-24,1095.0,3598.0,2026.0
E92000001,England,nation,2020-03-23,876.0,3183.0,2010.0
E92000001,England,nation,2020-03-22,703.0,2670.0,1206.0
E92000001,England,nation,2020-03-21,550.0,2152.0,1027.0
E92000001,England,nation,2020-03-20,434.0,1580.0,1084.0
E92000001,England,nation,2020-03-19,332.0,,927.0
E92000001,England,nation,2020-03-18,265.0,,908.0
E92000001,England,nation,2020-03-17,198.0,,680.0
E92000001,England,nation,2020-03-16,148.0,,543.0
E92000001,England,nation,2020-03-15,105.0,,396.0
E92000001,England,nation,2020-03-14,73.0,,315.0
E92000001,England,nation,2020-03-13,53.0,,392.0
E92000001,England,nation,2020-03-12,37.0,,415.0
E92000001,England,nation,2020-03-11,25.0,,351.0
E92000001,England,nation,2020-03-10,17.0,,228.0
E92000001,England,nation,2020-03-09,14.0,,125.0
E92000001,England,nation,2020-03-08,9.0,,50.0
E92000001,England,nation,2020-03-07,6.0,,55.0
E92000001,England,nation,2020-03-06,6.0,,73.0
E92000001,England,nation,2020-03-05,6.0,,46.0
E92000001,England,nation,2020-03-04,3.0,,49.0
E92000001,England,nation,2020-03-03,3.0,,54.0
E92000001,England,nation,2020-03-02,1.0,,38.0
E92000001,England,nation,2020-03-01,,,20.0
E92000001,England,nation,2020-02-29,,,5.0
E92000001,England,nation,2020-02-28,,,11.0
E92000001,England,nation,2020-02-27,,,7.0
E92000001,England,nation,2020-02-26,,,4.0
E92000001,England,nation,2020-02-25,,,5.0
E92000001,England,nation,2020-02-24,,,2.0
E92000001,England,nation,2020-02-23,,,1.0
E92000001,England,nation,2020-02-22,,,0.0
E92000001,England,nation,2020-02-21,,,1.0
E92000001,England,nation,2020-02-20,,,0.0
E92000001,England,nation,2020-02-19,,,0.0
E92000001,England,nation,2020-02-18,,,0.0
E92000001,England,nation,2020-02-17,,,0.0
E92000001,England,nation,2020-02-16,,,0.0
E92000001,England,nation,2020-02-15,,,0.0
E92000001,England,nation,2020-02-14,,,0.0
E92000001,England,nation,2020-02-13,,,0.0
E92000001,England,nation,2020-02-12,,,0.0
E92000001,England,nation,2020-02-11,,,1.0
E92000001,England,nation,2020-02-10,,,0.0
E92000001,England,nation,2020-02-09,,,1.0
E92000001,England,nation,2020-02-08,,,4.0
E92000001,England,nation,2020-02-07,,,0.0
E92000001,England,nation,2020-02-06,,,0.0
E92000001,England,nation,2020-02-05,,,1.0
E92000001,England,nation,2020-02-04,,,0.0
E92000001,England,nation,2020-02-03,,,0.0
E92000001,England,nation,2020-02-02,,,0.0
E92000001,England,nation,2020-02-01,,,0.0
E92000001,England,nation,2020-01-31,,,0.0
E92000001,England,nation,2020-01-30,,,2.0
